{
  "total_codes": 10468,
  "chapters_found": [
    "01",
    "02",
    "03",
    "04",
    "05",
    "06",
    "07",
    "08",
    "09",
    "10",
    "11",
    "12",
    "13",
    "14",
    "15",
    "16",
    "17",
    "18",
    "19",
    "20",
    "21",
    "22",
    "23",
    "24",
    "25",
    "26",
    "27",
    "28",
    "29",
    "30",
    "31",
    "32",
    "33",
    "34",
    "35",
    "36",
    "37",
    "38",
    "39",
    "40",
    "41",
    "42",
    "43",
    "44",
    "45",
    "46",
    "47",
    "48",
    "49",
    "50",
    "51",
    "52",
    "53",
    "54",
    "55",
    "56",
    "57",
    "58",
    "59",
    "60",
    "61",
    "62",
    "63",
    "64",
    "65",
    "66",
    "67",
    "68",
    "69",
    "70",
    "71",
    "72",
    "73",
    "74",
    "75",
    "76",
    "78",
    "79",
    "80",
    "81",
    "82",
    "83",
    "84",
    "85",
    "86",
    "87",
    "88",
    "89",
    "90",
    "91",
    "92",
    "93",
    "94",
    "95",
    "96",
    "97",
    "98"
  ],
  "chapters_missing": [],
  "empty_chapters": [],
  "suspicious_chapters": [],
  "format_errors": [],
  "chapter_stats": {
    "01": {
      "codes": 44,
      "file_size_kb": 12.1533203125,
      "avg_code_size": 282.84090909090907
    },
    "02": {
      "codes": 49,
      "file_size_kb": 13.0595703125,
      "avg_code_size": 272.9183673469388
    },
    "03": {
      "codes": 205,
      "file_size_kb": 53.8525390625,
      "avg_code_size": 269.0
    },
    "04": {
      "codes": 42,
      "file_size_kb": 10.5498046875,
      "avg_code_size": 257.2142857142857
    },
    "05": {
      "codes": 68,
      "file_size_kb": 20.1123046875,
      "avg_code_size": 302.86764705882354
    },
    "06": {
      "codes": 24,
      "file_size_kb": 6.5498046875,
      "avg_code_size": 279.4583333333333
    },
    "07": {
      "codes": 91,
      "file_size_kb": 23.3447265625,
      "avg_code_size": 262.6923076923077
    },
    "08": {
      "codes": 97,
      "file_size_kb": 22.3994140625,
      "avg_code_size": 236.46391752577318
    },
    "09": {
      "codes": 134,
      "file_size_kb": 39.9013671875,
      "avg_code_size": 304.9179104477612
    },
    "10": {
      "codes": 44,
      "file_size_kb": 10.7880859375,
      "avg_code_size": 251.0681818181818
    },
    "11": {
      "codes": 24,
      "file_size_kb": 5.5869140625,
      "avg_code_size": 238.375
    },
    "12": {
      "codes": 109,
      "file_size_kb": 27.4560546875,
      "avg_code_size": 257.9357798165138
    },
    "13": {
      "codes": 50,
      "file_size_kb": 15.5888671875,
      "avg_code_size": 319.26
    },
    "14": {
      "codes": 10,
      "file_size_kb": 2.4130859375,
      "avg_code_size": 247.1
    },
    "15": {
      "codes": 126,
      "file_size_kb": 34.8857421875,
      "avg_code_size": 283.515873015873
    },
    "16": {
      "codes": 35,
      "file_size_kb": 8.3408203125,
      "avg_code_size": 244.02857142857144
    },
    "17": {
      "codes": 35,
      "file_size_kb": 8.1689453125,
      "avg_code_size": 239.0
    },
    "18": {
      "codes": 15,
      "file_size_kb": 4.2919921875,
      "avg_code_size": 293.0
    },
    "19": {
      "codes": 34,
      "file_size_kb": 8.6513671875,
      "avg_code_size": 260.55882352941177
    },
    "20": {
      "codes": 42,
      "file_size_kb": 9.5791015625,
      "avg_code_size": 233.54761904761904
    },
    "21": {
      "codes": 39,
      "file_size_kb": 10.0458984375,
      "avg_code_size": 263.7692307692308
    },
    "22": {
      "codes": 39,
      "file_size_kb": 9.1806640625,
      "avg_code_size": 241.05128205128204
    },
    "23": {
      "codes": 63,
      "file_size_kb": 17.4326171875,
      "avg_code_size": 283.3492063492063
    },
    "24": {
      "codes": 48,
      "file_size_kb": 12.8623046875,
      "avg_code_size": 274.3958333333333
    },
    "25": {
      "codes": 163,
      "file_size_kb": 40.8291015625,
      "avg_code_size": 256.49693251533745
    },
    "26": {
      "codes": 73,
      "file_size_kb": 19.2861328125,
      "avg_code_size": 270.5342465753425
    },
    "27": {
      "codes": 91,
      "file_size_kb": 23.1376953125,
      "avg_code_size": 260.3626373626374
    },
    "28": {
      "codes": 329,
      "file_size_kb": 83.3857421875,
      "avg_code_size": 259.53495440729483
    },
    "29": {
      "codes": 810,
      "file_size_kb": 214.2041015625,
      "avg_code_size": 270.7962962962963
    },
    "30": {
      "codes": 201,
      "file_size_kb": 54.8857421875,
      "avg_code_size": 279.6169154228856
    },
    "31": {
      "codes": 23,
      "file_size_kb": 5.8427734375,
      "avg_code_size": 260.1304347826087
    },
    "32": {
      "codes": 201,
      "file_size_kb": 50.2958984375,
      "avg_code_size": 256.23383084577114
    },
    "33": {
      "codes": 80,
      "file_size_kb": 19.0205078125,
      "avg_code_size": 243.4625
    },
    "34": {
      "codes": 48,
      "file_size_kb": 13.1611328125,
      "avg_code_size": 280.7708333333333
    },
    "35": {
      "codes": 35,
      "file_size_kb": 9.2333984375,
      "avg_code_size": 270.14285714285717
    },
    "36": {
      "codes": 21,
      "file_size_kb": 5.0595703125,
      "avg_code_size": 246.71428571428572
    },
    "37": {
      "codes": 88,
      "file_size_kb": 24.0419921875,
      "avg_code_size": 279.7613636363636
    },
    "38": {
      "codes": 165,
      "file_size_kb": 44.2001953125,
      "avg_code_size": 274.3090909090909
    },
    "39": {
      "codes": 340,
      "file_size_kb": 86.0888671875,
      "avg_code_size": 259.27941176470586
    },
    "40": {
      "codes": 124,
      "file_size_kb": 30.4287109375,
      "avg_code_size": 251.28225806451613
    },
    "41": {
      "codes": 49,
      "file_size_kb": 12.9853515625,
      "avg_code_size": 271.3673469387755
    },
    "42": {
      "codes": 48,
      "file_size_kb": 11.1025390625,
      "avg_code_size": 236.85416666666666
    },
    "43": {
      "codes": 20,
      "file_size_kb": 6.0263671875,
      "avg_code_size": 308.55
    },
    "44": {
      "codes": 164,
      "file_size_kb": 39.8740234375,
      "avg_code_size": 248.96951219512195
    },
    "45": {
      "codes": 9,
      "file_size_kb": 2.0771484375,
      "avg_code_size": 236.33333333333334
    },
    "46": {
      "codes": 13,
      "file_size_kb": 3.5517578125,
      "avg_code_size": 279.7692307692308
    },
    "47": {
      "codes": 24,
      "file_size_kb": 6.7470703125,
      "avg_code_size": 287.875
    },
    "48": {
      "codes": 202,
      "file_size_kb": 53.3076171875,
      "avg_code_size": 270.23267326732673
    },
    "49": {
      "codes": 32,
      "file_size_kb": 8.2099609375,
      "avg_code_size": 262.71875
    },
    "50": {
      "codes": 26,
      "file_size_kb": 6.4287109375,
      "avg_code_size": 253.19230769230768
    },
    "51": {
      "codes": 105,
      "file_size_kb": 24.3330078125,
      "avg_code_size": 237.3047619047619
    },
    "52": {
      "codes": 368,
      "file_size_kb": 91.8564453125,
      "avg_code_size": 255.60054347826087
    },
    "53": {
      "codes": 63,
      "file_size_kb": 16.0537109375,
      "avg_code_size": 260.93650793650795
    },
    "54": {
      "codes": 231,
      "file_size_kb": 60.4326171875,
      "avg_code_size": 267.8917748917749
    },
    "55": {
      "codes": 200,
      "file_size_kb": 49.8251953125,
      "avg_code_size": 255.105
    },
    "56": {
      "codes": 54,
      "file_size_kb": 14.7294921875,
      "avg_code_size": 279.31481481481484
    },
    "57": {
      "codes": 90,
      "file_size_kb": 26.3056640625,
      "avg_code_size": 299.3
    },
    "58": {
      "codes": 81,
      "file_size_kb": 20.4521484375,
      "avg_code_size": 258.55555555555554
    },
    "59": {
      "codes": 64,
      "file_size_kb": 17.1005859375,
      "avg_code_size": 273.609375
    },
    "60": {
      "codes": 46,
      "file_size_kb": 12.3173828125,
      "avg_code_size": 274.19565217391306
    },